name,role,team
Maya Okonkwo,Senior Engineer,Platform
Jun-Ho Park,Product Designer,Design
Elena Vasquez,Staff Engineer,Infrastructure
Tomasz Lindqvist,Solutions Architect,Customer Engineering
Amara Diallo,Engineering Manager,Platform
Sven Bergstrom,Data Scientist,Analytics
Priya Ramanathan,Head of Product,Product
Noa Feldman,Support Engineer,Customer Success
Kwame Asante-Boateng,Backend Engineer,Platform
Ingrid Solheim,Marketing Lead,Growth
Rafael Nakamura,Security Engineer,Infrastructure
Christopher Abimbola-Lee,VP of Engineering,Leadership
